containerd.io_2.3.6-1~ubuntu.24.04~noble_amd64.deb	2eb8c6e244fe6886f2fa2eee9ec418c4b9bb44eb44fca748504f57c23341aed2
docker-ce-cli_5%3a29.8.2-1~ubuntu.24.04~noble_amd64.deb	008b3b49b474136063fe0fbe8999b0e77c3e8556d7f7de21f98f05715e2f76ba
docker-ce_5%3a29.8.2-1~ubuntu.24.04~noble_amd64.deb	b53a44a6ff13277710978adbdbfea27fcdd7ac9f198017e733d2b8dc2343f8dc
docker-compose-plugin_5.5.1-1~ubuntu.24.04~noble_amd64.deb	82ff966149ca2c62e1a4e1fdebdf65fda8c3a8bea80b32deda6903b40afc2347
iptables_1.8.10-3ubuntu2_amd64.deb	d341e8ffc42ca035f5aa0fd9a798c8d2b2edb019225dc11f4dac16edf9c57840
libedit2_3.1-20230828-1build1_amd64.deb	3afbc8ddf835049dd4d88275b9d13680e4c4cdd59e191cbd63424152cc08e00e
libip4tc2_1.8.10-3ubuntu2_amd64.deb	eb381f8ff0469534df3f1b146c3eb8baa6e36f8cfcdf2e3e039398322930d0a4
libip6tc2_1.8.10-3ubuntu2_amd64.deb	b98b88eb6aa14a902ea1aebc3b12ddd140572545ae1fc6428cb0868c31671d05
libmnl0_1.0.5-2build1_amd64.deb	5170658bf0eaf54a8c7d53061ca6b47a6cf33a83543a75fa521de7046cb7197a
libnetfilter-conntrack3_1.0.9-6build1_amd64.deb	6d32a4c4618eb7d6c0d989591d28637a9acdfa86dfe22e42e9ac9cc25d882a97
libnfnetlink0_1.0.2-2build1_amd64.deb	f557a287af2ca00df5dbf632c6b77d77479139ffb51c83e3de9766eb609b5d63
libnftables1_1.0.9-1ubuntu0.1_amd64.deb	fcaee001747a6adaa0cd9337fef437b3aa7a7a6d5246b62fbd4784d3d6a5009e
libnftnl11_1.2.6-2build1_amd64.deb	e5bde5c9cbb95082700011f0b7ef2c0a41900b0a9fd7434f6e90448e2a7b4e50
libxtables12_1.8.10-3ubuntu2_amd64.deb	c94063499d1b0b336f39607107efb7de95d52a5d4e7e6a9368a5f7308f05b714
nftables_1.0.9-1ubuntu0.1_amd64.deb	d648859fccde3c17b8b9b89993427564f91f394a39306db1f67bd5ea3ac42c6e
