status	kind	scanner	identifier	exact_scope	existing_justification_and_assumptions	classification	existing_or_new_evidence_and_ci	owner	expiry	review_date	missing_evidence_and_disposition
retained	global rule exclusion	gosec	G104	.github/workflows/pr-fast-gate.yml security-fast + security-release-gate.yml sast-gosec root ./...; .golangci.yml root (G703 not excluded there); maintenance ./... in Fast, Security and qa-gate.yml qa-agent	Unhandled stream-copy errors; original assumption not universal	under investigation	Diagnostic root/maint counts in dated audit; unfiltered PR/nightly JSON	@KidCarmi (default CODEOWNER; confirm DRI)	none recorded	2026-11-03 audit follow-up	Retain pending per-path/input/permission triage; do not infer safe from no findings.
retained	global rule exclusion	gosec	G302	.github/workflows/pr-fast-gate.yml security-fast + security-release-gate.yml sast-gosec root ./...; .golangci.yml root (G703 not excluded there); maintenance ./... in Fast, Security and qa-gate.yml qa-agent	Log permissions; original assumption not universal	under investigation	Diagnostic root/maint counts in dated audit; unfiltered PR/nightly JSON	@KidCarmi (default CODEOWNER; confirm DRI)	none recorded	2026-11-03 audit follow-up	Retain pending per-path/input/permission triage; do not infer safe from no findings.
retained	global rule exclusion	gosec	G304	.github/workflows/pr-fast-gate.yml security-fast + security-release-gate.yml sast-gosec root ./...; .golangci.yml root (G703 not excluded there); maintenance ./... in Fast, Security and qa-gate.yml qa-agent	Variable paths described as acceptable for blocklist loading; original assumption not universal	under investigation	Diagnostic root/maint counts in dated audit; unfiltered PR/nightly JSON	@KidCarmi (default CODEOWNER; confirm DRI)	none recorded	2026-11-03 audit follow-up	Retain pending per-path/input/permission triage; do not infer safe from no findings.
retained	global rule exclusion	gosec	G703	.github/workflows/pr-fast-gate.yml security-fast + security-release-gate.yml sast-gosec root ./...; .golangci.yml root (G703 not excluded there)	Taint variant described as operator-only paths; original assumption not universal	under investigation	Diagnostic root/maint counts in dated audit; unfiltered PR/nightly JSON	@KidCarmi (default CODEOWNER; confirm DRI)	none recorded	2026-11-03 audit follow-up	Retain pending per-path/input/permission triage; do not infer safe from no findings.
removed	global rule exclusion	gosec	G704	root and maintenance global exclusions in Fast/Security/QA; .golangci.yml	Admin URLs/forward proxy by design (incorrect for actual OIDC sites)	protected by a control / accepted risk by site	RISK-002; boundary + signed-feed tests; release-agent residual risk	@KidCarmi (default CODEOWNER; confirm DRI)	none recorded	2026-11-03 audit follow-up	Removed globals after ten root findings triaged; ten scoped annotations added.
removed	global rule exclusion	gosec	G703	maintenance global exclusions Fast/Security/QA	Parity with root taint exclusion	protected by a control	TestOperationsEndpoint_RejectsInvalidOpID; scoped ULID annotation	@KidCarmi (default CODEOWNER; confirm DRI)	none recorded	2026-11-03 audit follow-up	Removed global; directory/symlink assumptions remain.
removed	individual advisory ignore	Trivy	CVE-2026-14456 exp:2026-09-15	.trivyignore: libssl3/libcrypto3, Alpine runtime image, all workflows using/default-loading file	Static proxy/no QUIC server/no Alpine fix available	not affected (remediated in inspected baseline images)	Vendor 3.5.8 fix boundary; actual installed 3.5.9-r0 both platforms; RISK-006	@KidCarmi (default CODEOWNER; confirm DRI)	none recorded	2026-11-03 audit follow-up	Removed expired, already inactive entry; no renewal. Host/external services outside scope.
retained	gate-policy filter	Trivy	severity CRITICAL,HIGH	security-release-gate.yml vuln-trivy (source + local image), pr-deep-gate.yml trivy-image, ci.yml qualify-candidate both platforms	Actionable high/critical policy; not whole-product safety	accepted risk	Full source advisory; new same-artifact PR/candidate package + suppressed/unfixed reports	@KidCarmi (default CODEOWNER; confirm DRI)	none recorded	2026-11-03 audit follow-up	Preserved blocking threshold. Lower/unfixed findings need triage; absence of fix is not safety.
retained	gate-policy filter	Trivy	ignore-unfixed	security-release-gate.yml vuln-trivy (source + local image), pr-deep-gate.yml trivy-image, ci.yml qualify-candidate both platforms	Actionable high/critical policy; not whole-product safety	accepted risk	Full source advisory; new same-artifact PR/candidate package + suppressed/unfixed reports	@KidCarmi (default CODEOWNER; confirm DRI)	none recorded	2026-11-03 audit follow-up	Preserved blocking threshold. Lower/unfixed findings need triage; absence of fix is not safety.
retained	gate-policy filter	Trivy	scanners vuln	All blocking Trivy scans; source/image advisory	Other scanners handled by separate tools; default misconfig/secrets disabled	accepted risk	gitleaks, CodeQL, hadolint and source tests	@KidCarmi (default CODEOWNER; confirm DRI)	none recorded	2026-11-03 audit follow-up	Does not establish container/host configuration safety.
retained	gate-policy filter	Trivy	source-only / filesystem scan	security-release-gate.yml vuln-trivy source: repository .; SARIF stage --exit-code 0	Dependency inventory; SARIF reporting separate from table gate	accepted risk	Blocking table scan; exact promoted artifact scan + package inventory separately	@KidCarmi (default CODEOWNER; confirm DRI)	none recorded	2026-11-03 audit follow-up	Source scan is not runtime safety; preserve separate artifact gate.
retained	global rule exclusion	hadolint	DL3018	pr-deep-gate.yml hadolint + security-release-gate.yml dockerfile-lint; Dockerfile	Unpinned apk packages: latest security updates via upgrade	accepted risk	Actual final installed package listing and Trivy; Docker recipe reviewed	@KidCarmi (default CODEOWNER; confirm DRI)	none recorded	2026-11-03 audit follow-up	Retained; floating runtime package reproducibility/pipe errors remain separate assumptions.
retained	global rule exclusion	hadolint	DL3047	pr-deep-gate.yml hadolint + security-release-gate.yml dockerfile-lint; Dockerfile	wget progress is style	accepted risk	Actual final installed package listing and Trivy; Docker recipe reviewed	@KidCarmi (default CODEOWNER; confirm DRI)	none recorded	2026-11-03 audit follow-up	Retained; floating runtime package reproducibility/pipe errors remain separate assumptions.
retained	global rule exclusion	hadolint	DL4006	pr-deep-gate.yml hadolint + security-release-gate.yml dockerfile-lint; Dockerfile	Alpine shell pipefail portability	accepted risk	Actual final installed package listing and Trivy; Docker recipe reviewed	@KidCarmi (default CODEOWNER; confirm DRI)	none recorded	2026-11-03 audit follow-up	Retained; floating runtime package reproducibility/pipe errors remain separate assumptions.
retained	gate-policy filter	hadolint	failure-threshold warning	same Dockerfile jobs	Style/info is advisory	accepted risk	Blocking error/warning gate	@KidCarmi (default CODEOWNER; confirm DRI)	none recorded	2026-11-03 audit follow-up	No claim of arbitrary shell-pipeline safety.
retained	excluded paths/generated policy	golangci-lint	generated: lax	.golangci.yml linters.exclusions; all linters including gosec	Generated/vendor source noise	under investigation	Standalone gosec and govulncheck use their own source semantics; actual binary inspection	@KidCarmi (default CODEOWNER; confirm DRI)	none recorded	2026-11-03 audit follow-up	Generated code is still shipped/reachable; pin build/dependency evidence, do not exempt vulnerabilities.
retained	excluded paths/generated policy	golangci-lint	vendor	.golangci.yml linters.exclusions; all linters including gosec	Generated/vendor source noise	under investigation	Standalone gosec and govulncheck use their own source semantics; actual binary inspection	@KidCarmi (default CODEOWNER; confirm DRI)	none recorded	2026-11-03 audit follow-up	Generated code is still shipped/reachable; pin build/dependency evidence, do not exempt vulnerabilities.
retained	excluded paths/generated policy	golangci-lint	.*_generated\.go$	.golangci.yml linters.exclusions; all linters including gosec	Generated/vendor source noise	under investigation	Standalone gosec and govulncheck use their own source semantics; actual binary inspection	@KidCarmi (default CODEOWNER; confirm DRI)	none recorded	2026-11-03 audit follow-up	Generated code is still shipped/reachable; pin build/dependency evidence, do not exempt vulnerabilities.
retained	gate-policy filter	golangci-lint	max-same-issues: 3	.golangci.yml issues	Report cap	accepted risk	Full standalone gosec JSON has no equivalent issue cap	@KidCarmi (default CODEOWNER; confirm DRI)	none recorded	2026-11-03 audit follow-up	Cap limits visibility, not proof of no remaining findings.
retained	gate-policy filter	golangci-lint/reviewdog	new-from-rev + diff_context	Fast lint and code-review.yml	PR diff findings; debt retained	accepted risk	Full gosec blocking/advisory source scan; QA full scans	@KidCarmi (default CODEOWNER; confirm DRI)	none recorded	2026-11-03 audit follow-up	Legacy lint debt can remain; document diagnostic findings.
retained	excluded path/rule policy	golangci-lint	_test.go errcheck/funlen/dupl/cyclop/unparam	.golangci.yml exclusions.rules	Tests have looser style/error handling	accepted risk	Does not exclude gosec; tests execute in race lane subject to tags/skips	@KidCarmi (default CODEOWNER; confirm DRI)	none recorded	2026-11-03 audit follow-up	Not counted as production scanner exclusion; test validity still needs review.
retained	global rule exclusion	golangci-lint errcheck	ReadCloser/File/Conn Close	.golangci.yml exclude-functions	Idiomatic cleanup ignores	accepted risk	Resource/stream behavioral tests where present	@KidCarmi (default CODEOWNER; confirm DRI)	none recorded	2026-11-03 audit follow-up	Cleanup failure can matter; no per-call safety endorsement.
retained	individual allowance	gitleaks	commit 7778b3bae6b3e3e4d7cb898a89c1799ec80b162c	.gitleaks.toml global allowlist.commits; entire commit	One repeating test hex string, TestInitSessionSecretFromConfig_Valid	under investigation	Fixture test; historical commit content not fully re-triaged	@KidCarmi (default CODEOWNER; confirm DRI)	none recorded	2026-11-03 audit follow-up	Whole-commit scope broader than reason; narrow after historical-secret triage. No expiry recorded.
retained	individual path allowance	gitleaks	recipient_private_key.bin	.gitleaks.toml paths regex testdata/telemetry/v1/sealed/recipient_private_key.bin (not anchored)	Published 32x0x42 golden interoperability scalar/vector	false positive	TestSealedGoldenTestKeyIsConfinedToTestData; Fast/QA root race	@KidCarmi (default CODEOWNER; confirm DRI)	none recorded	2026-11-03 audit follow-up	Retain fixture allowance; regex is not anchored despite exact-path comment, assess anchoring independently.
retained	individual path allowance	gitleaks	recipient_public_key.bin	.gitleaks.toml paths regex testdata/telemetry/v1/sealed/recipient_public_key.bin (not anchored)	Published 32x0x42 golden interoperability scalar/vector	false positive	TestSealedGoldenTestKeyIsConfinedToTestData; Fast/QA root race	@KidCarmi (default CODEOWNER; confirm DRI)	none recorded	2026-11-03 audit follow-up	Retain fixture allowance; regex is not anchored despite exact-path comment, assess anchoring independently.
retained	gate-policy filter	gitleaks	--log-opts BASE..HEAD	Fast gitleaks pull_request diff; full history on dispatch/main Security job	Bound PR scan cost	accepted risk	Security full-history scan uses same allowlist	@KidCarmi (default CODEOWNER; confirm DRI)	none recorded	2026-11-03 audit follow-up	Does not retroactively re-triage allowlisted historical secrets.
retained	inert allowlist	Dependency Obituary	github.com/mattermost/xml-roundtrip-validator	.depobituaryignore (not passed to pinned action)	Mature/stable/heuristic noise or no maintained replacement, see file comment	under investigation	ci.yml obituary action explicitly says allowlist unsupported	@KidCarmi (default CODEOWNER; confirm DRI)	none recorded	2026-11-03 audit follow-up	Not an effective security exemption; activity scores do not measure vulnerability safety.
retained	inert allowlist	Dependency Obituary	github.com/cespare/xxhash/v2	.depobituaryignore (not passed to pinned action)	Mature/stable/heuristic noise or no maintained replacement, see file comment	under investigation	ci.yml obituary action explicitly says allowlist unsupported	@KidCarmi (default CODEOWNER; confirm DRI)	none recorded	2026-11-03 audit follow-up	Not an effective security exemption; activity scores do not measure vulnerability safety.
retained	inert allowlist	Dependency Obituary	github.com/go-asn1-ber/asn1-ber	.depobituaryignore (not passed to pinned action)	Mature/stable/heuristic noise or no maintained replacement, see file comment	under investigation	ci.yml obituary action explicitly says allowlist unsupported	@KidCarmi (default CODEOWNER; confirm DRI)	none recorded	2026-11-03 audit follow-up	Not an effective security exemption; activity scores do not measure vulnerability safety.
retained	inert allowlist	Dependency Obituary	github.com/crewjam/saml	.depobituaryignore (not passed to pinned action)	Mature/stable/heuristic noise or no maintained replacement, see file comment	under investigation	ci.yml obituary action explicitly says allowlist unsupported	@KidCarmi (default CODEOWNER; confirm DRI)	none recorded	2026-11-03 audit follow-up	Not an effective security exemption; activity scores do not measure vulnerability safety.
retained	inert allowlist	Dependency Obituary	github.com/beevik/etree	.depobituaryignore (not passed to pinned action)	Mature/stable/heuristic noise or no maintained replacement, see file comment	under investigation	ci.yml obituary action explicitly says allowlist unsupported	@KidCarmi (default CODEOWNER; confirm DRI)	none recorded	2026-11-03 audit follow-up	Not an effective security exemption; activity scores do not measure vulnerability safety.
retained	inert allowlist	Dependency Obituary	github.com/jonboulle/clockwork	.depobituaryignore (not passed to pinned action)	Mature/stable/heuristic noise or no maintained replacement, see file comment	under investigation	ci.yml obituary action explicitly says allowlist unsupported	@KidCarmi (default CODEOWNER; confirm DRI)	none recorded	2026-11-03 audit follow-up	Not an effective security exemption; activity scores do not measure vulnerability safety.
retained	inert allowlist	Dependency Obituary	github.com/dustin/go-humanize	.depobituaryignore (not passed to pinned action)	Mature/stable/heuristic noise or no maintained replacement, see file comment	under investigation	ci.yml obituary action explicitly says allowlist unsupported	@KidCarmi (default CODEOWNER; confirm DRI)	none recorded	2026-11-03 audit follow-up	Not an effective security exemption; activity scores do not measure vulnerability safety.
retained	inert allowlist	Dependency Obituary	github.com/oklog/ulid/v2	.depobituaryignore (not passed to pinned action)	Mature/stable/heuristic noise or no maintained replacement, see file comment	under investigation	ci.yml obituary action explicitly says allowlist unsupported	@KidCarmi (default CODEOWNER; confirm DRI)	none recorded	2026-11-03 audit follow-up	Not an effective security exemption; activity scores do not measure vulnerability safety.
retained	gate-policy filter	Dependency Obituary	score 60 + continue-on-error: true	ci.yml obituary job	Ecosystem health heuristic advisory	accepted risk	Action report; dependency advisory scanners separate	@KidCarmi (default CODEOWNER; confirm DRI)	none recorded	2026-11-03 audit follow-up	Preserved advisory posture; inactivity is not vulnerability proof.
retained	gate-policy scope	govulncheck	source reachability ./...	Fast security-fast + Security vuln-govulncheck root and explicit maintenance module	Only known Go advisories with reachable paths block; no ignore list	accepted risk	Separate invocation per module, RISK-014	@KidCarmi (default CODEOWNER; confirm DRI)	none recorded	2026-11-03 audit follow-up	Build tags/config/platform affect reachability; no whole-image safety inference.
retained	gate-policy scope	gosec	default tests=false + current platform/tags	standalone root and maintenance scanner invocations	Production source, default build constraints	accepted risk	Inline snapshot records build tags; golangci/race tests separately	@KidCarmi (default CODEOWNER; confirm DRI)	none recorded	2026-11-03 audit follow-up	Tagged/external interop/e2e skips must not be assumed executed.
retained	report exit-status filter	gosec	SARIF || true; upload continue-on-error	security-release-gate.yml sast-gosec	Optional Security tab support; findings checked by second text pass	protected by a control	Blocking root and maintenance text scans	@KidCarmi (default CODEOWNER; confirm DRI)	none recorded	2026-11-03 audit follow-up	Preserved; upload failure can lose centralized alerts, but cannot green the text gate.
replaced	advisory error/suppression filter	gosec	nightly || true and excludes G104,G302,G304, inline honored	dast-nightly.yml weak-crypto-discovery	Report-only remaining delta, misleading forward-proxy rationale	under investigation	New -nosec -no-fail JSON + report completeness checks	@KidCarmi (default CODEOWNER; confirm DRI)	none recorded	2026-11-03 audit follow-up	Replaced with all-rule advisory; findings advisory, scan errors fatal.
retained	gate-policy scope	CodeQL	languages go, CGO=0 root build, security-and-quality	codeql.yml analyze	Go compilation tracing; source-only	accepted risk	Main/weekly and security/core PR paths; no separate maintenance build	@KidCarmi (default CODEOWNER; confirm DRI)	none recorded	2026-11-03 audit follow-up	Analysis success is not absence of alerts; not mandatory merge vulnerability verdict.
retained	conditional scan/report policy	CodeQL	pull_request paths / upload false / upload continue-on-error	codeql.yml trigger and analyze/upload	Cost control; absent code-scanning permissions handled gracefully	accepted risk	Main/weekly scans; codeql_action_pin_test.go	@KidCarmi (default CODEOWNER; confirm DRI)	none recorded	2026-11-03 audit follow-up	Nonmatching PR paths skip analysis, upload failure may hide alerts; RISK-016.
retained	excluded path/advisory filter	OWASP ZAP	logout .*/api/auth/logout.*; -I; || true	dast-nightly.yml admin-ui-zap	Preserve authenticated crawler session; passive findings advisory	accepted risk	Provision+anon401+authenticated200 guard; AJAX spider bounded3m/baseline2m, -T5	@KidCarmi (default CODEOWNER; confirm DRI)	none recorded	2026-11-03 audit follow-up	Auth reach guard not complete authenticated route coverage; report absence/errors can be masked.
retained	gate-policy/error filter	testssl	--warnings off --fast; || true; gate selected protocol/cipher IDs	dast-nightly.yml admin-ui-tls	Self-signed PKI expected; only weak protocol/cipher families block	accepted risk	Nonempty JSON required; jq checks TLS1/1.1 SSL2/3 and NULL/aNULL/EXPORT/LOW/3DES	@KidCarmi (default CODEOWNER; confirm DRI)	none recorded	2026-11-03 audit follow-up	Nonempty output does not prove completeness; jq process-substitution errors not explicitly gated. Record gap, no blanket TLS claim.
retained	gate-policy filter	npm audit	--audit-level=high	frontend/scripts/verify.sh app + tools/openapi-gen	High/critical block; no advisory ignore file found	accepted risk	Frontend Verify canonical script	@KidCarmi (default CODEOWNER; confirm DRI)	none recorded	2026-11-03 audit follow-up	Low/moderate findings remain report-only; both separate npm workspaces covered.
retained	install filter (not suppression)	npm install	--no-audit --ignore-scripts	frontend/.npmrc + tools/openapi-gen/.npmrc; install scripts	Avoid lifecycle scripts; separate audit at verify step9	protected by a control	verify.sh checks effective policy in both trees + later audits	@KidCarmi (default CODEOWNER; confirm DRI)	none recorded	2026-11-03 audit follow-up	No audit at installation is not absence of vulnerabilities.
retained	excluded paths	ESLint	dist,node_modules,tools,src/api/types.gen.ts	frontend/eslint.config.js	Generated/vendor sources	accepted risk	check-dist.mjs production bundle scan; nested generator npm audit	@KidCarmi (default CODEOWNER; confirm DRI)	none recorded	2026-11-03 audit follow-up	Lint ignores not equivalent to CVE exemption; generated shipped bundle still checked.
retained	gate-policy allowance	go-licenses	--disallowed forbidden,restricted; --ignore=proxy	Deep license + Security license-audit root ./...	Ignore local module; forbidden/restricted license policy	under investigation	License report; root module is github.com/KidCarmi/Culvert, ignore alias may be inert	@KidCarmi (default CODEOWNER; confirm DRI)	none recorded	2026-11-03 audit follow-up	License compatibility is not vulnerability severity; maintenance scan not explicitly separate.
retained	gate-policy allowance	license-checker	--onlyAllow license list + --excludePrivatePackages	frontend/scripts/check-licenses.sh app and generator	ADR-FE-001 license policy; own private packages	accepted risk	Frontend Verify check-licenses; fixed allowed SPDX list in script	@KidCarmi (default CODEOWNER; confirm DRI)	none recorded	2026-11-03 audit follow-up	Own-package exclusion not secret or vulnerability scan exemption.
retained	gate-policy scope	Syft	source dir:. SBOM	Security sbom job	Repository SBOM; optional uploads not runtime validation	under investigation	New Trivy exact-artifact package records complement source SBOM	@KidCarmi (default CODEOWNER; confirm DRI)	none recorded	2026-11-03 audit follow-up	Source SBOM cannot prove installed/image services or host package versions.
retained	conditional execution	CI classifier	Fast code/agent; Deep docker/deps/security/maint; legacy PR passthrough	pr-fast-gate.yml/pr-deep-gate.yml classifiers; qa-gate.yml + security-release-gate.yml non-PR jobs	Avoid duplicate heavy lanes; docs-only skips safe with required aggregate	accepted risk	Suppression config makes Fast code true; .trivyignore makes Deep docker true; workflow self edits run jobs; metadata everyPR	@KidCarmi (default CODEOWNER; confirm DRI)	none recorded	2026-11-03 audit follow-up	No universal per-PR legacy scanner run. Inline Go edits trigger race/security; metadata and advisory must remain visible.
retained	gate-policy filter	GitHub gate	selected job require-success + skipped-as-pass ordinaryPR	Fast/Deep aggregates; require-gate/require-release-evidence scripts	Lane-specific mandatory producers; release gates same SHA	protected by a control	Existing gate/promotion behavioral tests and completeness verdicts	@KidCarmi (default CODEOWNER; confirm DRI)	none recorded	2026-11-03 audit follow-up	Never infer actual scanner execution from aggregate green alone; verify job outputs/skip reasons.
retained	evidence execution filter	CI tests	opt-in external/privileged/build-tag tests and proxy-ui continue-on-error	proxy-ui-e2e.yml and inline test skips/build constraints	Integration availability/privilege/cost	accepted risk	Snapshot records tags; test suite reports skips; dedicated workflow evidence only when run	@KidCarmi (default CODEOWNER; confirm DRI)	none recorded	2026-11-03 audit follow-up	Ordinary race success does not prove external IdP/privileged/runtime assumptions.
