order	ova	reboot	recovery_s	firmware_gap_s	kernel_to_ready_s
1-A	048ba7c604306641f370c851c4924779efd92e2e572ff1a3eb2160d7c718aa44	1	100.565112	40.82	45.5
1-A	048ba7c604306641f370c851c4924779efd92e2e572ff1a3eb2160d7c718aa44	2	100.52402299999994	41.22	45.4
1-A	048ba7c604306641f370c851c4924779efd92e2e572ff1a3eb2160d7c718aa44	3	100.48862600000007	41.02	45.4
2-B	d89a96b889f675f1fe749aa12107cf7332488971aa5f7ce7ee25e5571705b3b4	1	100.48775100000012	40.82	45.4
2-B	d89a96b889f675f1fe749aa12107cf7332488971aa5f7ce7ee25e5571705b3b4	2	100.4605660000002	40.81	45.4
2-B	d89a96b889f675f1fe749aa12107cf7332488971aa5f7ce7ee25e5571705b3b4	3	100.44651699999986	40.82	45.4
3-B	d89a96b889f675f1fe749aa12107cf7332488971aa5f7ce7ee25e5571705b3b4	1	100.50925199999983	41.02	45.4
3-B	d89a96b889f675f1fe749aa12107cf7332488971aa5f7ce7ee25e5571705b3b4	2	100.55530699999963	41.02	45.4
3-B	d89a96b889f675f1fe749aa12107cf7332488971aa5f7ce7ee25e5571705b3b4	3	100.55923900000016	41.42	45.4
4-A	048ba7c604306641f370c851c4924779efd92e2e572ff1a3eb2160d7c718aa44	1	100.59809399999995	41.22	45.5
4-A	048ba7c604306641f370c851c4924779efd92e2e572ff1a3eb2160d7c718aa44	2	100.48401999999987	41.02	45.4
4-A	048ba7c604306641f370c851c4924779efd92e2e572ff1a3eb2160d7c718aa44	3	100.44830000000002	40.82	45.4
